{"cameraMode":{"drawMode":0,"name":"Shaded","section":"Shading Mode"},"sceneLighting":true,"audioPlay":false,"sceneViewState":{"m_AlwaysRefresh":true,"showFog":true,"showSkybox":true,"showFlares":true,"showImageEffects":true,"showParticleSystems":true,"showVisualEffectGraphs":true,"m_FxEnabled":true},"in2DMode":false,"pivot":{"x":-69.83221435546875,"y":-149.54434204101563,"z":2693.84130859375},"rotation":{"x":0.08057191967964173,"y":-0.1252494901418686,"z":0.010212890803813935,"w":0.9887686371803284},"size":1710.8277587890625,"orthographic":false}